-- phpMyAdmin SQL Dump
-- version 4.4.15.7
-- http://www.phpmyadmin.net
--
-- Хост: 127.0.0.1:3306
-- Время создания: Янв 20 2017 г., 23:48
-- Версия сервера: 5.7.13
-- Версия PHP: 7.0.8

SET SQL_MODE = "NO_AUTO_VALUE_ON_ZERO";
SET time_zone = "+00:00";


/*!40101 SET @OLD_CHARACTER_SET_CLIENT=@@CHARACTER_SET_CLIENT */;
/*!40101 SET @OLD_CHARACTER_SET_RESULTS=@@CHARACTER_SET_RESULTS */;
/*!40101 SET @OLD_COLLATION_CONNECTION=@@COLLATION_CONNECTION */;
/*!40101 SET NAMES utf8mb4 */;

--
-- База данных: `sunrise`
--

-- --------------------------------------------------------

--
-- Структура таблицы `apartments`
--

CREATE TABLE IF NOT EXISTS `apartments` (
  `id` int(11) NOT NULL,
  `type_id` int(11) NOT NULL,
  `city_id` int(11) NOT NULL,
  `area` int(11) NOT NULL,
  `price` int(11) NOT NULL
) ENGINE=InnoDB AUTO_INCREMENT=201 DEFAULT CHARSET=utf8;

--
-- Дамп данных таблицы `apartments`
--

INSERT INTO `apartments` (`id`, `type_id`, `city_id`, `area`, `price`) VALUES
(1, 2, 3, 42, 64950),
(2, 1, 3, 43, 58486),
(3, 2, 5, 82, 87250),
(4, 2, 1, 81, 19065),
(5, 1, 4, 89, 78504),
(6, 1, 4, 59, 17312),
(7, 1, 3, 47, 12575),
(8, 2, 4, 63, 90122),
(9, 1, 3, 52, 45163),
(10, 1, 3, 31, 53948),
(11, 1, 1, 37, 21331),
(12, 1, 4, 66, 48689),
(13, 1, 1, 36, 89832),
(14, 2, 3, 73, 65918),
(15, 1, 1, 35, 15261),
(16, 1, 1, 46, 28872),
(17, 1, 5, 36, 90722),
(18, 1, 1, 38, 49892),
(19, 2, 1, 60, 22944),
(20, 1, 4, 82, 94027),
(21, 2, 3, 94, 28712),
(22, 2, 4, 65, 51158),
(23, 1, 4, 93, 10080),
(24, 1, 4, 45, 31974),
(25, 1, 4, 60, 36727),
(26, 1, 5, 30, 81224),
(27, 1, 5, 73, 61687),
(28, 2, 2, 91, 68241),
(29, 2, 2, 56, 64672),
(30, 2, 2, 60, 80318),
(31, 2, 4, 93, 40061),
(32, 1, 1, 97, 75455),
(33, 1, 1, 41, 93862),
(34, 2, 3, 41, 58997),
(35, 2, 4, 35, 16415),
(36, 2, 3, 46, 33176),
(37, 1, 5, 38, 75116),
(38, 1, 3, 91, 32124),
(39, 1, 3, 56, 78475),
(40, 1, 5, 46, 20315),
(41, 2, 1, 80, 50059),
(42, 1, 2, 35, 41248),
(43, 2, 1, 88, 49536),
(44, 1, 1, 46, 55690),
(45, 2, 3, 73, 16320),
(46, 2, 4, 75, 32871),
(47, 1, 5, 81, 33369),
(48, 2, 1, 98, 74526),
(49, 2, 5, 52, 76074),
(50, 2, 5, 97, 98960),
(51, 1, 3, 38, 46837),
(52, 1, 4, 49, 17691),
(53, 2, 3, 80, 62381),
(54, 2, 5, 75, 35957),
(55, 1, 1, 96, 60889),
(56, 2, 5, 76, 64442),
(57, 1, 5, 88, 17980),
(58, 1, 3, 70, 84451),
(59, 1, 2, 59, 43836),
(60, 2, 3, 40, 51605),
(61, 1, 1, 68, 71427),
(62, 2, 3, 89, 42670),
(63, 1, 1, 34, 16419),
(64, 2, 5, 91, 31938),
(65, 1, 4, 45, 28860),
(66, 2, 3, 95, 14187),
(67, 1, 2, 91, 12122),
(68, 1, 4, 68, 14483),
(69, 1, 5, 92, 53297),
(70, 2, 1, 91, 92779),
(71, 1, 1, 91, 95288),
(72, 2, 5, 34, 68250),
(73, 2, 3, 93, 54451),
(74, 2, 1, 94, 32651),
(75, 1, 1, 40, 44759),
(76, 1, 1, 56, 63306),
(77, 1, 5, 40, 42665),
(78, 2, 5, 100, 92132),
(79, 1, 2, 87, 47793),
(80, 1, 4, 74, 35031),
(81, 2, 2, 95, 82530),
(82, 2, 2, 54, 66508),
(83, 1, 3, 66, 24343),
(84, 2, 4, 32, 61112),
(85, 1, 4, 62, 75480),
(86, 1, 5, 92, 71757),
(87, 1, 4, 60, 52932),
(88, 1, 2, 54, 53673),
(89, 2, 5, 53, 38033),
(90, 2, 5, 56, 62527),
(91, 2, 4, 91, 50831),
(92, 2, 4, 96, 20760),
(93, 2, 1, 72, 49630),
(94, 2, 1, 39, 86464),
(95, 1, 4, 62, 21127),
(96, 2, 5, 60, 23037),
(97, 1, 5, 52, 64110),
(98, 1, 5, 75, 41366),
(99, 2, 4, 42, 10052),
(100, 1, 3, 91, 36919),
(101, 2, 5, 32, 78552),
(102, 1, 4, 92, 87551),
(103, 2, 1, 48, 15597),
(104, 2, 3, 91, 53064),
(105, 2, 3, 86, 71980),
(106, 1, 1, 58, 44442),
(107, 2, 4, 70, 27710),
(108, 2, 4, 56, 66487),
(109, 1, 2, 63, 69375),
(110, 2, 4, 96, 31155),
(111, 2, 2, 94, 67472),
(112, 2, 3, 86, 62394),
(113, 1, 1, 90, 62125),
(114, 1, 5, 98, 58048),
(115, 2, 2, 88, 44753),
(116, 1, 4, 95, 57595),
(117, 1, 4, 79, 85581),
(118, 1, 3, 62, 98169),
(119, 1, 1, 82, 43474),
(120, 2, 3, 33, 39514),
(121, 2, 4, 77, 63055),
(122, 2, 1, 37, 11586),
(123, 2, 1, 80, 39483),
(124, 2, 3, 92, 79030),
(125, 1, 4, 89, 90743),
(126, 2, 5, 31, 71455),
(127, 2, 5, 73, 86384),
(128, 2, 3, 63, 44101),
(129, 1, 2, 49, 23277),
(130, 1, 3, 80, 13430),
(131, 1, 1, 53, 55470),
(132, 1, 1, 84, 99792),
(133, 1, 3, 75, 97635),
(134, 1, 4, 91, 26446),
(135, 2, 2, 64, 17072),
(136, 2, 1, 64, 36566),
(137, 1, 1, 58, 88389),
(138, 1, 3, 38, 15452),
(139, 1, 5, 73, 24616),
(140, 2, 3, 96, 20494),
(141, 2, 3, 68, 20601),
(142, 2, 1, 53, 34052),
(143, 2, 2, 58, 51393),
(144, 2, 4, 93, 14006),
(145, 1, 3, 62, 34585),
(146, 2, 4, 33, 16818),
(147, 2, 2, 97, 47744),
(148, 1, 5, 34, 56730),
(149, 1, 2, 44, 63532),
(150, 1, 3, 98, 37850),
(151, 2, 5, 88, 35311),
(152, 2, 4, 31, 59704),
(153, 2, 2, 41, 23543),
(154, 2, 3, 32, 73818),
(155, 2, 5, 51, 87114),
(156, 1, 1, 97, 88807),
(157, 1, 5, 40, 49566),
(158, 2, 5, 55, 76185),
(159, 1, 5, 99, 19390),
(160, 2, 4, 51, 65456),
(161, 1, 5, 45, 21667),
(162, 1, 3, 96, 11737),
(163, 2, 2, 74, 65843),
(164, 1, 5, 94, 37279),
(165, 2, 4, 98, 79132),
(166, 1, 1, 56, 64456),
(167, 2, 5, 90, 51066),
(168, 1, 2, 40, 10090),
(169, 2, 1, 59, 98133),
(170, 2, 5, 97, 83957),
(171, 1, 2, 57, 10784),
(172, 2, 5, 66, 73276),
(173, 2, 1, 98, 87462),
(174, 1, 3, 49, 25576),
(175, 1, 1, 77, 73197),
(176, 1, 1, 71, 58739),
(177, 2, 2, 33, 54064),
(178, 2, 1, 94, 97546),
(179, 2, 1, 45, 85037),
(180, 1, 5, 53, 94420),
(181, 1, 4, 45, 78376),
(182, 2, 5, 41, 67836),
(183, 2, 5, 89, 89426),
(184, 2, 4, 39, 89690),
(185, 2, 1, 69, 80526),
(186, 1, 3, 33, 36736),
(187, 1, 2, 84, 60762),
(188, 1, 5, 69, 17124),
(189, 2, 4, 64, 84970),
(190, 1, 2, 82, 57933),
(191, 1, 3, 78, 12930),
(192, 2, 4, 48, 31804),
(193, 2, 3, 78, 43835),
(194, 2, 2, 31, 63914),
(195, 2, 2, 65, 31084),
(196, 1, 2, 59, 54583),
(197, 1, 5, 80, 60176),
(198, 2, 1, 92, 71142),
(199, 1, 4, 49, 69322),
(200, 1, 3, 45, 53676);

-- --------------------------------------------------------

--
-- Структура таблицы `city`
--

CREATE TABLE IF NOT EXISTS `city` (
  `id` int(11) NOT NULL,
  `city_name` varchar(255) NOT NULL
) ENGINE=InnoDB AUTO_INCREMENT=6 DEFAULT CHARSET=utf8;

--
-- Дамп данных таблицы `city`
--

INSERT INTO `city` (`id`, `city_name`) VALUES
(1, 'Москва'),
(2, 'Санкт-Петербург'),
(3, 'Воронеж'),
(4, 'Курск'),
(5, 'Саратов');

-- --------------------------------------------------------

--
-- Структура таблицы `type`
--

CREATE TABLE IF NOT EXISTS `type` (
  `id` int(11) NOT NULL,
  `type_name` varchar(255) NOT NULL
) ENGINE=InnoDB AUTO_INCREMENT=3 DEFAULT CHARSET=utf8;

--
-- Дамп данных таблицы `type`
--

INSERT INTO `type` (`id`, `type_name`) VALUES
(1, 'Продажа'),
(2, 'Аренда');

--
-- Индексы сохранённых таблиц
--

--
-- Индексы таблицы `apartments`
--
ALTER TABLE `apartments`
  ADD PRIMARY KEY (`id`),
  ADD KEY `FK_apartments_city` (`city_id`),
  ADD KEY `FK_apartments_type` (`type_id`);

--
-- Индексы таблицы `city`
--
ALTER TABLE `city`
  ADD PRIMARY KEY (`id`);

--
-- Индексы таблицы `type`
--
ALTER TABLE `type`
  ADD PRIMARY KEY (`id`);

--
-- AUTO_INCREMENT для сохранённых таблиц
--

--
-- AUTO_INCREMENT для таблицы `apartments`
--
ALTER TABLE `apartments`
  MODIFY `id` int(11) NOT NULL AUTO_INCREMENT,AUTO_INCREMENT=201;
--
-- AUTO_INCREMENT для таблицы `city`
--
ALTER TABLE `city`
  MODIFY `id` int(11) NOT NULL AUTO_INCREMENT,AUTO_INCREMENT=6;
--
-- AUTO_INCREMENT для таблицы `type`
--
ALTER TABLE `type`
  MODIFY `id` int(11) NOT NULL AUTO_INCREMENT,AUTO_INCREMENT=3;
--
-- Ограничения внешнего ключа сохраненных таблиц
--

--
-- Ограничения внешнего ключа таблицы `apartments`
--
ALTER TABLE `apartments`
  ADD CONSTRAINT `FK_apartments_city` FOREIGN KEY (`city_id`) REFERENCES `city` (`id`),
  ADD CONSTRAINT `FK_apartments_type` FOREIGN KEY (`type_id`) REFERENCES `type` (`id`);

/*!40101 SET CHARACTER_SET_CLIENT=@OLD_CHARACTER_SET_CLIENT */;
/*!40101 SET CHARACTER_SET_RESULTS=@OLD_CHARACTER_SET_RESULTS */;
/*!40101 SET COLLATION_CONNECTION=@OLD_COLLATION_CONNECTION */;
